{
    "Raw File Name": "exported_boundaries_Somalia.shp.zip", 
    "Group": "Somalia", 
    "License": "ODbL", 
    "country": "Somalia", 
    "Unnamed: 11": null, 
    "Processed File Name": "SOM_ADM0.zip", 
    "timestamp": 1534539068, 
    "Known Errors": null, 
    "datetime": "2018-08-17 16:51:08", 
    "version": "1_3_3", 
    "Unnamed: 12": null, 
    "Source 2": "Wambacher (https://wambachers-osm.website/boundaries/)", 
    "Source 1": "OpenStreetMap", 
    "Year": 2015, 
    "iso": "SOM", 
    "adm": "ADM0", 
    "Changes": "No", 
    "Link to Source Data": null, 
    "Boundary Level": "ADM 0"
}
